<?xml version="1.1" encoding="UTF-8" standalone="yes"?>
<addon id="plugin.video.exodus19" name="Exodus IPTV" version="0.1.0" provider-name="SteevieGee">
  <requires>
	<import addon="xbmc.python" version="3.0.0" />
	<import addon="script.module.requests" />
  </requires>
  <extension point="xbmc.python.pluginsource" library="default.py">
        <provides>video</provides>
  </extension>
  <extension point="xbmc.addon.metadata">
    <summary lang="en">Exodus Addon</summary>
    <language>en</language>
    <description lang="en">IPTV and VOD for Kodi Matrix</description>
    <platform>all</platform>
    <assets>
        <icon>icon.png</icon>
        <fanart>fanart.jpg</fanart>
    </assets>
  </extension>
</addon>
